<?xml version="1.0" encoding="UTF-8"?>
<project xmlns="http://www.netbeans.org/ns/project/1">
    <type>org.netbeans.modules.php.project</type>
    <configuration>
        <data xmlns="http://www.netbeans.org/ns/php-project/1">
            <name>Ejercicios2</name>
        </data>
        <spellchecker-wordlist xmlns="http://www.netbeans.org/ns/spellchecker-wordlist/1">
            <word>Altura</word>
            <word>número</word>
            <word>rectángulo</word>
            <word>triangulo</word>
            <word>triángulo</word>
        </spellchecker-wordlist>
    </configuration>
</project>
